"","UTM.N","UTM.W","Elevation","[0,20]","(20,40]","(40,60]","(60,80]","(80,100]","SurvDate","SurvTime","Observer","Precipitation","Wind","Noise"
"PCCow001",3879223,275815,1340,0,4,0,0,0,"2019-05-21","07:03:00",1,0,1,0
"PCCow002",3879727,274813,1325,4,3,0,0,0,"2019-05-21","07:36:00",1,0,0,1
"PCCow003",3879727,275312,1258,0,2,0,3,0,"2019-05-21","08:37:00",1,0,2,1
"PCCow004",3879724,275812,1169,0,3,0,0,0,"2019-05-21","10:53:00",1,0,2,1
"PCCow005",3879727,276313,1067,0,0,1,0,0,"2019-05-21","09:52:00",1,0,0,1
"PCCow006",3879727,276813,1208,0,0,0,2,0,"2019-05-22","06:27:00",1,0,0,0
"PCCow007",3880227,274813,1256,3,4,1,1,0,"2019-06-23","10:05:00",35,0,1,1
"PCCow008",3880230,275319,1089,3,1,0,0,0,"2019-06-23","10:00:00",5,0,0,3
"PCCow009",3880230,275815,1031,0,0,0,0,0,"2019-05-21","06:32:00",1,0,0,3
"PCCow010",3880219,276312,959,0,0,0,0,0,"2019-05-21","06:10:00",1,0,0,2
"PCCow011",3880227,276813,992,0,0,0,0,0,"2019-05-22","07:06:00",1,0,1,1
"PCCow012",3880227,277313,1025,0,0,0,0,0,"2019-05-22","07:45:00",1,0,0,1
"PCCow013",3880727,274813,1351,4,2,3,0,0,"2019-06-23","08:30:00",35,0,3,2
"PCCow014",3880727,275313,1114,0,0,0,0,0,"2019-06-23","09:15:00",5,0,0,2
"PCCow015",3880730,275815,1036,0,0,0,0,0,"2019-06-23","07:57:00",23,0,2,1
"PCCow016",3880727,276317,919,0,0,0,0,0,"2019-06-23","08:42:00",23,0,0,2
"PCCow017",3880727,277312,893,0,0,0,0,0,"2019-06-23","10:01:00",23,0,0,1
"PCCow018",3880727,277813,947,0,0,0,0,0,"2019-05-22","09:33:00",1,0,2,1
"PCCow019",3880727,278312,951,0,0,0,0,0,"2019-05-22","08:53:00",1,0,1,0
"PCCow020",3881228,274815,1251,1,0,0,0,0,"2019-06-23","06:41:00",35,0,0,2
"PCCow021",3881227,275313,1127,0,0,0,2,0,"2019-06-23","08:39:00",5,0,0,1
"PCCow022",3881225,275810,991,0,0,0,0,0,"2019-06-17","07:46:00",35,0,0,2
"PCCow023",3881224,276316,978,0,0,0,0,0,"2019-06-17","08:50:00",35,0,0,0
"PCCow024",3881232,276809,921,0,0,0,0,0,"2019-06-17","09:31:00",35,0,0,2
"PCCow025",3881214,277304,910,0,0,0,0,0,"2019-06-17","10:35:00",35,0,1,0
"PCCow026",3881227,278313,858,0,0,0,0,0,"2019-06-23","06:57:00",23,0,0,1
"PCCow027",3881734,274310,1346,0,0,0,0,0,"2019-05-26","08:30:00",35,0,1,1
"PCCow028",3881724,274811,1164,2,0,0,0,0,"2019-05-26","09:30:00",35,0,0,1
"PCCow029",3881727,275313,1057,0,0,0,0,0,"2019-05-26","10:25:00",35,0,0,1
"PCCow030",3881727,275813,1097,0,0,0,0,0,"2019-05-26","11:04:00",35,0,2,2
"PCCow031",3881728,276314,975,0,0,0,0,0,"2019-06-17","06:17:00",35,0,0,0
"PCCow032",3881727,276813,929,0,0,0,0,0,"2019-06-17","07:05:00",35,0,0,0
"PCCow033",3881727,278813,873,0,0,0,0,0,"2019-06-23","07:12:00",5,0,0,0
"PCCow034",3882235,274309,1322,1,1,0,0,0,"2019-05-26","07:15:00",35,0,0,0
"PCCow035",3882226,274809,1116,0,0,0,0,0,"2019-05-26","07:23:00",23,0,0,4
"PCCow036",3882227,275312,990,0,2,2,0,0,"2019-05-26","07:58:00",23,0,0,2
"PCCow037",3882226,275817,988,0,0,0,0,0,"2019-05-26","08:39:00",23,0,0,1
"PCCow038",3882226,276313,938,0,0,0,0,0,"2019-05-26","09:19:00",23,0,0,1
"PCCow039",3882729,274819,1285,0,0,0,0,1,"2019-05-26","06:46:00",23,0,0,0
"PCCow040",3882727,275313,1078,7,2,2,5,0,"2019-06-17","06:00:00",5,0,0,1
"PCCow041",3882727,275813,956,0,0,0,0,0,"2019-05-26","10:06:00",23,0,0,1
"PCCow042",3882727,276313,944,0,0,0,0,0,"2019-05-26","10:43:00",23,0,0,1
"PCCow043",3883227,275813,1061,0,0,0,0,0,"2019-06-17","06:06:00",23,0,1,0
"PCCow044",3883227,276313,930,0,0,0,0,0,"2019-06-17","09:55:00",23,0,0,1
"PCCow045",3883227,276813,911,0,0,0,0,0,"2019-06-17","09:21:00",23,0,0,2
"PCCow047",3883732,276311,1053,0,0,0,0,0,"2019-06-17","07:11:00",23,0,0,0
"PCCow048",3883724,276806,1032,0,0,0,0,0,"2019-06-17","08:04:00",23,0,0,1
"PCCow049",3883728,277316,951,0,0,0,0,0,"2019-06-17","08:37:00",23,0,1,1
"PCDry001",3878448,276367,1242,0,1,0,0,0,"2019-05-19","06:59:00",35,0,0,0
"PCDry002",3878440,276883,1266,0,0,0,0,0,"2019-06-12","09:24:00",23,0,1,0
"PCDry003",3878440,277380,1080,0,1,2,0,0,"2019-05-19","09:29:00",35,0,0,0
"PCDry004",3878441,277876,1075,0,0,0,0,0,"2019-05-19","06:10:00",35,0,1,0
"PCDry005",3878443,278376,1151,0,0,0,0,0,"2019-05-19","06:23:00",5,0,0,0
"PCDry006",3878944,275870,1307,0,3,1,0,0,"2019-06-23","06:03:00",23,0,1,1
"PCDry007",3878941,276376,1155,1,1,0,0,0,"2019-05-19","07:30:00",35,0,0,1
"PCDry008",3878926,276873,1130,1,2,0,0,0,"2019-05-19","08:25:00",35,0,1,1
"PCDry009",3878941,277377,1063,0,0,0,0,0,"2019-05-19","10:32:00",35,0,2,0
"PCDry010",3878939,277879,938,0,0,0,0,0,"2019-05-19","11:08:00",35,0,0,0
"PCDry011",3878941,278376,1065,0,0,0,0,0,"2019-05-19","06:59:00",5,0,1,1
"PCDry012",3878946,278866,1206,0,0,0,0,0,"2019-05-19","07:53:00",5,0,1,1
"PCDry013",3879441,276876,1130,0,0,0,0,0,"2019-05-19","06:05:00",23,0,1,2
"PCDry014",3879441,277378,944,0,0,0,0,0,"2019-05-19","06:49:00",23,0,0,1
"PCDry015",3879446,277878,868,0,0,0,0,0,"2019-05-19","07:17:00",23,0,0,2
"PCDry016",3879435,278383,967,0,0,0,0,0,"2019-05-19","08:01:00",23,0,0,1
"PCDry017",3879441,278876,1141,0,0,0,0,0,"2019-05-19","08:06:00",5,0,1,1
"PCDry018",3879441,279376,1061,0,0,0,0,0,"2019-05-19","08:57:00",5,0,0,0
"PCDry019",3879441,279876,905,0,0,0,0,0,"2019-05-19","09:39:00",5,0,2,1
"PCDry020",3879948,277889,937,0,0,0,0,0,"2019-05-19","09:19:00",23,0,0,1
"PCDry021",3879941,278371,990,0,0,0,0,0,"2019-05-19","08:40:00",23,0,0,0
"PCDry022",3879941,278876,998,0,0,0,0,0,"2019-05-19","10:59:00",5,0,1,0
"PCDry023",3880434,277889,1031,0,0,0,0,0,"2019-05-22","08:20:00",1,0,3,1
"PCWS001",3880229,271818,1211,4,2,4,0,0,"2019-06-16","08:45:00",5,0,2,2
"PCWS002",3880230,272317,1287,0,0,0,0,0,"2019-06-16","08:04:00",5,0,1,0
"PCWS003",3880233,272816,1292,1,4,1,2,0,"2019-06-16","07:24:00",5,0,1,1
"PCWS004",3880234,273316,1397,2,3,4,0,0,"2019-06-16","06:34:00",5,0,2,2
"PCWS005",3880234,273818,1460,0,0,0,0,0,"2019-06-16","06:00:00",5,0,3,2
"PCWS006",3880734,271816,1228,2,0,0,0,0,"2019-06-16","09:55:00",35,0,2,1
"PCWS007",3880734,272316,1179,1,3,0,0,0,"2019-06-16","09:10:00",35,0,1,3
"PCWS008",3880734,272816,1288,3,1,0,0,0,"2019-06-16","08:20:00",35,0,2,0
"PCWS009",3880734,273316,1375,4,0,0,0,0,"2019-06-16","07:25:00",35,0,3,3
"PCWS010",3880734,273816,1356,1,4,1,0,0,"2019-06-16","06:40:00",35,0,2,1
"PCWS011",3880734,274316,1431,4,0,0,0,0,"2019-06-16","06:03:00",35,0,3,2
"PCWS012",3881235,271315,1207,0,2,0,1,0,"2019-06-16","09:59:00",23,0,3,1
"PCWS013",3881234,271816,1279,0,2,0,0,0,"2019-06-16","09:21:00",23,0,3,2
"PCWS014",3881234,272315,1283,2,0,2,0,0,"2019-06-16","08:29:00",23,0,2,3
"PCWS015",3881235,272817,1434,0,0,0,0,0,"2019-06-16","07:50:00",23,0,3,2
"PCWS016",3881233,273316,1515,2,2,4,0,0,"2019-06-16","07:18:00",23,0,3,2
"PCWS017",3881233,273816,1422,0,0,0,0,3,"2019-06-16","06:25:00",23,0,3,2
"PCWS018",3881236,274317,1435,4,0,0,1,3,"2019-06-16","06:00:00",23,0,3,2
"PCWS019",3881734,270816,1073,0,0,0,0,0,"2019-06-02","06:18:00",5,0,0,3
"PCWS020",3881734,271316,1183,4,0,0,0,0,"2019-06-02","06:30:00",35,0,0,0
"PCWS021",3881734,271816,1273,1,2,0,0,0,"2019-06-02","07:15:00",35,0,1,2
"PCWS022",3881734,272316,1362,0,0,0,0,0,"2019-06-02","08:20:00",35,0,1,0
"PCWS023",3881734,272816,1487,0,4,0,1,0,"2019-06-02","09:40:00",35,0,1,0
"PCWS024",3881734,273316,1516,0,1,0,0,0,"2019-06-02","10:22:00",35,0,2,0
"PCWS025",3881734,273816,1497,0,4,0,2,0,"2019-06-02","10:47:00",23,0,2,1
"PCWS026",3882234,271316,1105,4,4,3,0,12,"2019-06-02","06:16:00",23,0,0,1
"PCWS027",3882234,271816,1156,0,0,0,0,0,"2019-06-02","06:53:00",23,0,0,4
"PCWS028",3882234,272316,1289,0,1,0,2,0,"2019-06-02","07:40:00",23,0,0,2
"PCWS029",3882234,272816,1383,0,8,2,1,0,"2019-06-02","08:23:00",23,0,0,1
"PCWS030",3882234,273316,1497,0,0,0,0,0,"2019-06-02","09:36:00",23,0,0,0
"PCWS031",3882234,273816,1503,3,0,0,2,0,"2019-06-02","10:22:00",23,0,1,1
"PCWS032",3882734,270815,1113,3,2,0,0,0,"2019-05-24","10:18:00",1,0,2,1
"PCWS033",3882732,271315,1116,0,0,0,0,0,"2019-05-24","09:35:00",1,0,2,0
"PCWS034",3882734,271816,1287,0,4,0,0,0,"2019-05-24","08:51:00",1,0,1,0
"PCWS035",3882733,272317,1299,0,4,0,0,0,"2019-05-24","08:17:00",1,0,0,2
"PCWS036",3882735,272815,1400,0,4,1,0,0,"2019-05-24","07:43:00",1,0,1,1
"PCWS037",3882733,273316,1510,0,3,0,0,0,"2019-05-24","06:36:00",1,0,3,0
"PCWS038",3883233,272815,1434,0,3,0,0,0,"2019-05-24","07:09:00",1,0,0,0
